,ID,timestamp,z1,action,reward,state1
0,1.0,1.0,0.0,,,1.3243453636632416
1,1.0,2.0,0.0,0.0,0.09730360909897251,-1.51241244618554
2,1.0,3.0,0.0,0.0,-0.7537237338556619,-1.4783285517982514
3,1.0,4.0,0.0,1.0,-1.2783285517982514,-1.0447362458870129
4,1.0,5.0,0.0,1.0,-0.8447362458870127,-1.9136370797056688
5,1.0,6.0,0.0,0.0,-0.8740911239117006,-0.6305477801261055
6,1.0,7.0,0.0,1.0,-0.4305477801261054,1.3691312484048246
7,1.0,8.0,0.0,1.0,1.5691312484048243,-0.38845456811264395
8,1.0,9.0,0.0,0.0,-0.41653637043379316,-1.7542945248310544
9,1.0,10.0,0.0,0.0,-0.8262883574493163,-2.4687049557253884
10,1.0,11.0,0.0,0.0,-1.0406114867176164,-3.2409285020269447
11,2.0,1.0,1.0,,,0.08824358634992457
12,2.0,2.0,1.0,1.0,-0.1941076963800905,-0.2971923537929859
13,2.0,3.0,1.0,0.0,0.05140382310350706,0.9803594087542044
14,2.0,4.0,1.0,1.0,0.8764312905050451,2.0098100852569223
15,2.0,5.0,1.0,0.0,1.204905042628461,2.047468962633683
16,2.0,6.0,1.0,1.0,2.1569627551604196,1.9064903397361173
17,2.0,7.0,1.0,0.0,1.1532451698680588,0.7787477544948714
18,2.0,8.0,1.0,0.0,0.5893738772474357,-1.0429314162689927
19,2.0,9.0,1.0,1.0,-1.5515176995227913,-0.5532665635127031
20,2.0,10.0,1.0,1.0,-0.9639198762152437,0.11507884176753169
21,2.0,11.0,1.0,0.0,0.25753942088376586,-0.22740994358744931
22,3.0,1.0,1.0,,,0.17182824773654426
23,3.0,2.0,1.0,0.0,0.28591412386827214,-1.4549619004235677
24,3.0,3.0,1.0,1.0,-2.0459542805082815,0.6457363853437994
25,3.0,4.0,1.0,1.0,0.4748836624125592,2.5124738741595154
26,3.0,5.0,1.0,1.0,2.7149686489914187,-0.004945525078165369
27,3.0,6.0,1.0,1.0,-0.3059346300937984,0.6852423317625663
28,3.0,7.0,1.0,1.0,0.5222907981150795,-0.5701240661999225
29,3.0,8.0,1.0,0.0,-0.08506203309996124,-2.4209644681069515
30,3.0,9.0,1.0,1.0,-3.2051573617283418,-1.8128573537384496
31,3.0,10.0,1.0,1.0,-2.4754288244861393,-0.34193050629920774
32,3.0,11.0,1.0,0.0,0.029034746850396143,0.39014921032307215
33,4.0,1.0,0.0,,,-1.3729686221561705
34,4.0,2.0,0.0,0.0,-0.7118905866468511,0.05765934639720194
35,4.0,3.0,0.0,0.0,-0.2827021960808394,-2.043450765649924
36,4.0,4.0,0.0,1.0,-1.8434507656499237,-1.0462715736207502
37,4.0,5.0,0.0,0.0,-0.613881472086225,-0.29462929973986185
38,4.0,6.0,0.0,0.0,-0.3883887899219585,0.26501014896892505
39,4.0,7.0,0.0,0.0,-0.22049695530932248,1.0145671320712746
40,4.0,8.0,0.0,1.0,1.2145671320712745,-0.8536249100244357
41,4.0,9.0,0.0,1.0,-0.6536249100244356,-1.0621567616425462
42,4.0,10.0,0.0,1.0,-0.8621567616425462,-1.582770256944851
43,4.0,11.0,0.0,0.0,-0.7748310770834552,-2.8137682956467267
44,5.0,1.0,0.0,,,0.5654076293246786
45,5.0,2.0,0.0,0.0,-0.13037771120259642,-1.0410983417424327
46,5.0,3.0,0.0,1.0,-0.8410983417424326,-1.3981813668547673
47,5.0,4.0,0.0,0.0,-0.7194544100564302,-0.580423037911695
48,5.0,5.0,0.0,0.0,-0.4741269113735085,-0.7399818536590639
49,5.0,6.0,0.0,0.0,-0.5219945560977192,-1.3489270869312122
50,5.0,7.0,0.0,0.0,-0.7046781260793636,-2.0296124412537484
51,5.0,8.0,0.0,0.0,-0.9088837323761245,-2.4711404902807863
52,5.0,9.0,0.0,0.0,-1.041342147084236,-0.8397705591817126
53,5.0,10.0,0.0,1.0,-0.6397705591817126,-0.7512195865949717
54,5.0,11.0,0.0,1.0,-0.5512195865949716,-0.6145938295543008
55,6.0,1.0,1.0,,,-1.6015386968802827
56,6.0,2.0,1.0,1.0,-2.2218464362563393,0.6186129849767594
57,6.0,3.0,1.0,1.0,0.4423355819721112,-0.5155659871061613
58,6.0,4.0,1.0,0.0,-0.05778299355308064,-1.828020082574394
59,6.0,5.0,1.0,0.0,-0.714010041287197,-1.2610265321729324
60,6.0,6.0,1.0,0.0,-0.4305132660864662,-0.4792036340001888
61,6.0,7.0,1.0,0.0,-0.039601817000094366,-0.7775100280155824
62,6.0,8.0,1.0,0.0,-0.1887550140077912,-0.9141740388127519
63,6.0,9.0,1.0,0.0,-0.25708701940637596,-0.02432811556354142
64,6.0,10.0,1.0,1.0,-0.32919373867624957,0.5851698308896202
65,6.0,11.0,1.0,0.0,0.4925849154448101,1.5090913181535597
66,7.0,1.0,0.0,,,1.44481176421648
67,7.0,2.0,0.0,1.0,1.6448117642164797,-0.7595058005785607
68,7.0,3.0,0.0,0.0,-0.5278517401735682,-0.040694096340803676
69,7.0,4.0,0.0,0.0,-0.3122082289022411,-0.30173487496432383
70,7.0,5.0,0.0,1.0,-0.10173487496432379,-0.9717567479684983
71,7.0,6.0,0.0,0.0,-0.5915270243905495,-0.16606113466863248
72,7.0,7.0,0.0,0.0,-0.34981834040058973,0.715338863061881
73,7.0,8.0,0.0,1.0,0.9153388630618811,-0.2542944723441795
74,7.0,9.0,0.0,1.0,-0.05429447234417947,0.4740546556141587
75,7.0,10.0,0.0,1.0,0.6740546556141587,-0.807261821473219
76,7.0,11.0,0.0,0.0,-0.5421785464419657,-0.7650826925147176
77,8.0,1.0,1.0,,,-0.061206900895102834
78,8.0,2.0,1.0,1.0,-0.3734482810741233,0.013525496455336766
79,8.0,3.0,1.0,1.0,-0.28376940425359587,-0.9657422633559108
80,8.0,4.0,1.0,0.0,-0.2828711316779554,1.7108464806792223
81,8.0,5.0,1.0,0.0,1.055423240339611,0.49486264971726
82,8.0,6.0,1.0,0.0,0.44743132485863,0.2308201620945394
83,8.0,7.0,1.0,1.0,-0.023015805486552687,2.1434293404419034
84,8.0,8.0,1.0,1.0,2.272115208530284,1.4729832408509838
85,8.0,9.0,1.0,1.0,1.4675798890211804,1.6742835284655195
86,8.0,10.0,1.0,0.0,1.0371417642327598,0.6763242896972465
87,8.0,11.0,1.0,0.0,0.5381621448486232,0.23816965706987056
88,9.0,1.0,0.0,,,0.01903909605709858
89,9.0,2.0,0.0,1.0,0.21903909605709856,-0.595055364780193
90,9.0,3.0,0.0,0.0,-0.47851660943405794,-1.1622068179632763
91,9.0,4.0,0.0,1.0,-0.9622068179632762,-2.1111143945493116
92,9.0,5.0,0.0,0.0,-0.9333343183647935,-0.8992196693265866
93,9.0,6.0,0.0,0.0,-0.569765900797976,-1.5048271289637751
94,9.0,7.0,0.0,0.0,-0.7514481386891325,-3.227171841626615
95,9.0,8.0,0.0,1.0,-3.0271718416266147,-3.386111222804266
96,9.0,9.0,0.0,0.0,-1.3158333668412798,-0.6191537262947926
97,9.0,10.0,0.0,0.0,-0.4857461178884378,-1.2188516218980434
98,9.0,11.0,0.0,0.0,-0.665655486569413,-1.1779811244722183
99,10.0,1.0,1.0,,,0.45062962452258987
100,10.0,2.0,1.0,1.0,0.24075554942710786,1.7819537682775834
101,10.0,3.0,1.0,0.0,1.0909768841387917,1.8239606630885432
102,10.0,4.0,1.0,1.0,1.8887527957062518,0.9396486810651183
103,10.0,5.0,1.0,1.0,0.8275784172781421,1.117470380221776
104,10.0,6.0,1.0,1.0,1.040964456266131,2.8456552124953554
105,10.0,7.0,1.0,1.0,3.114786254994426,2.7775789399381114
106,10.0,8.0,1.0,0.0,1.588789469969056,1.5788308343245603
107,10.0,9.0,1.0,1.0,1.5945970011894723,3.4697265089417897
108,10.0,10.0,1.0,1.0,3.8636718107301475,1.3015334445154803
109,10.0,11.0,1.0,0.0,0.8507667222577402,0.2692674017070556
110,11.0,1.0,0.0,,,1.162107937044974
111,11.0,2.0,0.0,1.0,1.362107937044974,-0.058195835678006125
112,11.0,3.0,0.0,1.0,0.14180416432199386,-0.9515119463689117
113,11.0,4.0,0.0,0.0,-0.5854535839106735,-1.304956231499805
114,11.0,5.0,0.0,0.0,-0.6914868694499415,-2.948728954717803
115,11.0,6.0,0.0,0.0,-1.184618686415341,-1.1480571920706737
116,11.0,7.0,0.0,0.0,-0.6444171576212021,-2.2191464435156116
117,11.0,8.0,0.0,0.0,-0.9657439330546835,-2.105663979281571
118,11.0,9.0,0.0,0.0,-0.9316991937844712,-2.547155403654091
119,11.0,10.0,0.0,0.0,-1.0641466210962274,-2.908593942509178
120,11.0,11.0,0.0,0.0,-1.1725781827527533,-0.9015411437892383
121,12.0,1.0,1.0,,,-1.360140709497654
122,12.0,2.0,1.0,0.0,-0.48007035474882703,-0.5689455997411103
123,12.0,3.0,1.0,1.0,-0.9827347196893323,1.5150038640328518
124,12.0,4.0,1.0,0.0,0.957501932016426,1.6787500581153272
125,12.0,5.0,1.0,0.0,1.0393750290576635,0.553564172277335
126,12.0,6.0,1.0,0.0,0.47678208613866746,0.05160942155163892
127,12.0,7.0,1.0,1.0,-0.23806869413803322,1.0804257593118716
128,12.0,8.0,1.0,0.0,0.7402128796559357,-0.5193189432389995
129,12.0,9.0,1.0,0.0,-0.05965947161949975,0.3529110918710102
130,12.0,10.0,1.0,1.0,0.12349331024521226,1.2151811008751012
131,12.0,11.0,1.0,0.0,0.8075905504375507,-0.3559360460804961
132,13.0,1.0,1.0,,,0.37758279598649247
133,13.0,2.0,1.0,0.0,0.38879139799324625,0.10531896529886187
134,13.0,3.0,1.0,1.0,-0.17361724164136583,-0.2857530509517625
135,13.0,4.0,1.0,1.0,-0.6429036611421151,0.7961480515354138
136,13.0,5.0,1.0,1.0,0.6553776618424965,3.371640178854217
137,13.0,6.0,1.0,0.0,1.8858200894271084,0.8099252654552419
138,13.0,7.0,1.0,0.0,0.604962632727621,2.1171397243226378
139,13.0,8.0,1.0,1.0,2.240567669187165,1.8945585085972607
140,13.0,9.0,1.0,0.0,1.1472792542986303,-0.22505285589387225
141,13.0,10.0,1.0,0.0,0.08747357205306387,-2.300873469631312
142,13.0,11.0,1.0,0.0,-0.9504367348156558,-0.9236236728381286
143,14.0,1.0,1.0,,,0.3159456453315843
144,14.0,2.0,1.0,1.0,0.07913477439790106,0.9299442365412278
145,14.0,3.0,1.0,0.0,0.664972118270614,0.7341625878174878
146,14.0,4.0,1.0,1.0,0.5809951053809853,0.6102058637846581
147,14.0,5.0,1.0,0.0,0.505102931892329,0.25194913675063035
148,14.0,6.0,1.0,0.0,0.3259745683753152,-0.9796226535806587
149,14.0,7.0,1.0,0.0,-0.28981132679032934,-1.1073011492523044
150,14.0,8.0,1.0,0.0,-0.3536505746261522,-0.3681591384643289
151,14.0,9.0,1.0,0.0,0.01592043076783556,-1.7911551599403142
152,14.0,10.0,1.0,1.0,-2.449386191928377,0.2254576670461914
153,14.0,11.0,1.0,0.0,0.3127288335230957,-0.3257968916184877
154,15.0,1.0,1.0,,,1.8337694423354374
155,15.0,2.0,1.0,1.0,1.900523330802525,0.8505455359836055
156,15.0,3.0,1.0,0.0,0.6252727679918028,1.1785549538155358
157,15.0,4.0,1.0,1.0,1.114265944578643,1.4068537813252373
158,15.0,5.0,1.0,0.0,0.9034268906626187,0.8942148371313243
159,15.0,6.0,1.0,0.0,0.6471074185656622,1.240891523946703
160,15.0,7.0,1.0,0.0,0.8204457619733516,2.0136685626274056
161,15.0,8.0,1.0,0.0,1.2068342813137027,3.0155827113123292
162,15.0,9.0,1.0,0.0,1.7077913556561648,2.9924533952435994
163,15.0,10.0,1.0,0.0,1.6962266976217997,-0.013744440350163312
164,15.0,11.0,1.0,0.0,0.19312777982491836,-0.68849507044016
165,16.0,1.0,1.0,,,-0.3998912673140309
166,16.0,2.0,1.0,0.0,5.436634298455756e-05,-0.21901853268373683
167,16.0,3.0,1.0,0.0,0.0904907336581316,-0.34922099678294094
168,16.0,4.0,1.0,1.0,-0.719065196139529,1.257662184347555
169,16.0,5.0,1.0,1.0,1.2091946212170661,1.0680752399904205
170,16.0,6.0,1.0,0.0,0.7340376199952103,1.3833057062285914
171,16.0,7.0,1.0,1.0,1.3599668474743096,0.6780002896035205
172,16.0,8.0,1.0,0.0,0.5390001448017603,1.852561695894047
173,16.0,9.0,1.0,0.0,1.1262808479470234,1.9617648167430464
174,16.0,10.0,1.0,0.0,1.1808824083715233,0.9114076962626446
175,16.0,11.0,1.0,1.0,0.7936892355151736,0.07275056471595942
176,17.0,1.0,1.0,,,0.5275717924495642
177,17.0,2.0,1.0,0.0,0.46378589622478217,-0.022793097286684133
178,17.0,3.0,1.0,0.0,0.18860345135665796,1.2749177156029767
179,17.0,4.0,1.0,1.0,1.229901258723572,2.19255392060386
180,17.0,5.0,1.0,0.0,1.29627696030193,1.1703314264636586
181,17.0,6.0,1.0,0.0,0.7851657132318294,-1.685545345845241
182,17.0,7.0,1.0,1.0,-2.3226544150142887,1.3238342391452649
183,17.0,8.0,1.0,0.0,0.8619171195726325,-0.7014638214938148
184,17.0,9.0,1.0,0.0,-0.1507319107469074,0.07264103316589621
185,17.0,10.0,1.0,1.0,-0.2128307602009245,1.0302487424338829
186,17.0,11.0,1.0,0.0,0.7151243712169414,1.0896525905563432
187,18.0,1.0,1.0,,,-0.1778584179213718
188,18.0,2.0,1.0,1.0,-0.513430101505646,0.3008887847770553
189,18.0,3.0,1.0,1.0,0.061066541732466284,1.2888406125098373
190,18.0,4.0,1.0,1.0,1.2466087350118047,3.959949459530849
191,18.0,5.0,1.0,1.0,4.4519393514370185,3.84590512558629
192,18.0,6.0,1.0,0.0,2.122952562793145,1.2074609233673899
193,18.0,7.0,1.0,1.0,1.1489531080408677,0.6403148477633797
194,18.0,8.0,1.0,0.0,0.5201574238816898,-1.1040917932986283
195,18.0,9.0,1.0,1.0,-1.6249101519583538,-0.8602048322832557
196,18.0,10.0,1.0,1.0,-1.3322457987399068,-0.824898890017228
197,18.0,11.0,1.0,0.0,-0.212449445008614,-1.1030948237771192
198,19.0,1.0,0.0,,,-0.2577862532844072
199,19.0,2.0,0.0,1.0,-0.057786253284407174,-0.33655657070555484
200,19.0,3.0,0.0,1.0,-0.13655657070555477,-2.505727878361119
201,19.0,4.0,0.0,1.0,-2.305727878361119,-0.9471772588693432
202,19.0,5.0,0.0,0.0,-0.5841531776608029,-1.3506373712303805
203,19.0,6.0,0.0,1.0,-1.1506373712303803,-0.4104305487455646
204,19.0,7.0,0.0,0.0,-0.42312916462366934,-1.445424077585444
205,19.0,8.0,0.0,0.0,-0.7336272232756331,-1.124367443329536
206,19.0,9.0,0.0,0.0,-0.6373102329988608,0.37868773544438894
207,19.0,10.0,0.0,1.0,0.5786877354443889,0.6519324144982284
208,19.0,11.0,0.0,1.0,0.8519324144982283,0.703486189449708
209,20.0,1.0,0.0,,,0.28281521371582224
210,20.0,2.0,0.0,0.0,-0.21515543588525332,-1.5241150982657214
211,20.0,3.0,0.0,1.0,-1.3241150982657215,2.4965451549051028
212,20.0,4.0,0.0,0.0,0.44896354647153086,-0.0471237530163503
213,20.0,5.0,0.0,0.0,-0.31413712590490506,-0.046161351665855194
214,20.0,6.0,0.0,1.0,0.1538386483341448,1.7012259434315875
215,20.0,7.0,0.0,1.0,1.9012259434315875,0.44757033947310354
216,20.0,8.0,0.0,0.0,-0.16572889815806893,-0.25348699193288043
217,20.0,9.0,0.0,0.0,-0.3760460975798641,-2.317865123425415
218,20.0,10.0,0.0,0.0,-0.9953595370276245,-2.7344265734734656
219,20.0,11.0,0.0,1.0,-2.5344265734734654,-2.0952587056590546
220,21.0,1.0,0.0,,,-1.4006191772129213
221,21.0,2.0,0.0,1.0,-1.2006191772129213,-1.4848176160110904
222,21.0,3.0,0.0,1.0,-1.2848176160110902,-0.793765163914878
223,21.0,4.0,0.0,0.0,-0.5381295491744633,-0.4440267569555272
224,21.0,5.0,0.0,1.0,-0.2440267569555271,-1.8450913355620928
225,21.0,6.0,0.0,0.0,-0.8535274006686278,0.8813355404804762
226,21.0,7.0,0.0,0.0,-0.035599337855857116,-2.1243273385725554
227,21.0,8.0,0.0,0.0,-0.9372982015717666,-1.4565710302888022
228,21.0,9.0,0.0,0.0,-0.7369713090866407,-1.123921286238867
229,21.0,10.0,0.0,0.0,-0.6371763858716601,-0.21801787991927568
230,21.0,11.0,0.0,1.0,-0.018017879919275614,-0.8121011779171947
231,22.0,1.0,0.0,,,0.8447237098396141
232,22.0,2.0,0.0,0.0,-0.04658288704811575,-1.0284171408055809
233,22.0,3.0,0.0,1.0,-0.8284171408055809,-1.1068652765792009
234,22.0,4.0,0.0,1.0,-0.9068652765792009,-1.602416829205153
235,22.0,5.0,0.0,1.0,-1.4024168292051529,-1.6314036228042519
236,22.0,6.0,0.0,0.0,-0.7894210868412755,-0.28441454931872506
237,22.0,7.0,0.0,1.0,-0.08441454931872502,0.7074015785519001
238,22.0,8.0,0.0,0.0,-0.08777952643442996,1.4138131119658057
239,22.0,9.0,0.0,1.0,1.6138131119658055,0.49208410964544935
240,22.0,10.0,0.0,1.0,0.6920841096454493,-0.30540139589334914
241,22.0,11.0,0.0,0.0,-0.39162041876800474,-2.0589529884099895
242,23.0,1.0,1.0,,,1.6015907205927955
243,23.0,2.0,1.0,0.0,1.0007953602963977,1.1180973652712602
244,23.0,3.0,1.0,0.0,0.7590486826356302,-0.9397641360308462
245,23.0,4.0,1.0,0.0,-0.2698820680154231,-1.54765506954839
246,23.0,5.0,1.0,0.0,-0.573827534774195,-0.36877378248209736
247,23.0,6.0,1.0,1.0,-0.7425285389785168,1.578313429140433
248,23.0,7.0,1.0,0.0,0.9891567145702165,-0.3808601895588938
249,23.0,8.0,1.0,0.0,0.009569905220553121,0.8866401254407972
250,23.0,9.0,1.0,0.0,0.6433200627203987,1.6304469959235148
251,23.0,10.0,1.0,1.0,1.6565363951082177,1.653171774858221
252,23.0,11.0,1.0,0.0,1.0265858874291105,-0.27352983251757257
253,24.0,1.0,1.0,,,1.202494338901868
254,24.0,2.0,1.0,0.0,0.8012471694509341,1.2860178204665234
255,24.0,3.0,1.0,1.0,1.243221384559828,1.6105820751788351
256,24.0,4.0,1.0,1.0,1.632698490214602,1.960422792310659
257,24.0,5.0,1.0,0.0,1.1802113961553293,0.6132072168134148
258,24.0,6.0,1.0,0.0,0.5066036084067075,-0.32081584856029355
259,24.0,7.0,1.0,0.0,0.03959207571985324,0.3535436397996752
260,24.0,8.0,1.0,0.0,0.3767718198998376,1.7168291875489095
261,24.0,9.0,1.0,1.0,1.7601950250586913,0.3470356506655642
262,24.0,10.0,1.0,0.0,0.3735178253327821,1.085213771099673
263,24.0,11.0,1.0,0.0,0.7426068855498364,0.9896051151952951
264,25.0,1.0,1.0,,,1.6008559492644117
265,25.0,2.0,1.0,1.0,1.621027139117294,0.8252594970378401
266,25.0,3.0,1.0,0.0,0.61262974851892,-0.14731308232176715
267,25.0,4.0,1.0,0.0,0.12634345883911643,0.3169045026487553
268,25.0,5.0,1.0,0.0,0.35845225132437764,-1.165427399250867
269,25.0,6.0,1.0,0.0,-0.3827136996254335,0.09182082390354618
270,25.0,7.0,1.0,0.0,0.2459104119517731,-1.3432196275231474
271,25.0,8.0,1.0,0.0,-0.4716098137615737,-1.1894804315434797
272,25.0,9.0,1.0,1.0,-1.7273765178521754,-3.515725701339884
273,25.0,10.0,1.0,0.0,-1.5578628506699421,-1.3186090279428138
274,25.0,11.0,1.0,1.0,-1.8823308335313762,-0.6510749155932627
275,26.0,1.0,0.0,,,-0.983727859174333
276,26.0,2.0,0.0,1.0,-0.7837278591743329,-0.6059534984845507
277,26.0,3.0,0.0,1.0,-0.40595349848455065,-0.35862308321195296
278,26.0,4.0,0.0,1.0,-0.15862308321195295,-2.274594566671303
279,26.0,5.0,0.0,0.0,-0.9823783700013908,-0.7966546947666233
280,26.0,6.0,0.0,1.0,-0.5966546947666233,-2.3354920483146904
281,26.0,7.0,0.0,1.0,-2.13549204831469,-1.7579630780449942
282,26.0,8.0,0.0,1.0,-1.557963078044994,-2.475861125438615
283,26.0,9.0,0.0,0.0,-1.0427583376315845,-1.279801911801457
284,26.0,10.0,0.0,0.0,-0.6839405735404371,-2.36043781893519
285,26.0,11.0,0.0,1.0,-2.16043781893519,-1.8214764788565143
286,27.0,1.0,0.0,,,-0.4228902255186482
287,27.0,2.0,0.0,0.0,-0.42686706765559446,1.0812052751151047
288,27.0,3.0,0.0,0.0,0.024361582534531412,-0.31208865376511374
289,27.0,4.0,0.0,0.0,-0.3936265961295341,-1.484774195888718
290,27.0,5.0,0.0,0.0,-0.7454322587666153,-2.1791157972064124
291,27.0,6.0,0.0,1.0,-1.9791157972064124,-2.351434244872065
292,27.0,7.0,0.0,1.0,-2.151434244872065,-1.8862432978570474
293,27.0,8.0,0.0,1.0,-1.6862432978570472,-2.7134099405246035
294,27.0,9.0,0.0,1.0,-2.5134099405246033,-1.7392778149179355
295,27.0,10.0,0.0,0.0,-0.8217833444753806,0.1639550433952004
296,27.0,11.0,0.0,0.0,-0.25081348698143985,-0.216194485679317
297,28.0,1.0,0.0,,,-1.2357694342590688
298,28.0,2.0,0.0,0.0,-0.6707308302777206,-2.6183108126844385
299,28.0,3.0,0.0,1.0,-2.4183108126844384,-0.15614592127284
300,28.0,4.0,0.0,0.0,-0.346843776381852,-1.3004850860835362
301,28.0,5.0,0.0,0.0,-0.6901455258250608,-1.6074051789700847
302,28.0,6.0,0.0,0.0,-0.7822215536910253,-0.9005099525252516
303,28.0,7.0,0.0,1.0,-0.7005099525252515,-1.5384958832518323
304,28.0,8.0,0.0,0.0,-0.7615487649755497,-1.3214807409641156
305,28.0,9.0,0.0,1.0,-1.1214807409641154,-1.187060097804975
306,28.0,10.0,0.0,1.0,-0.9870600978049751,-0.2895336455798131
307,28.0,11.0,0.0,1.0,-0.08953364557981308,-0.32292198634257696
308,29.0,1.0,1.0,,,0.43211192037398405
309,29.0,2.0,1.0,1.0,0.21853430444878075,0.01551764098407335
310,29.0,3.0,1.0,0.0,0.20775882049203667,0.050010193018354465
311,29.0,4.0,1.0,0.0,0.22500509650917724,0.19064749902346229
312,29.0,5.0,1.0,1.0,-0.07122300117184521,-0.17562958996950406
313,29.0,6.0,1.0,1.0,-0.5107555079634047,2.527433398074553
314,29.0,7.0,1.0,0.0,1.4637166990372765,1.652935892793769
315,29.0,8.0,1.0,0.0,1.0264679463968844,-0.5318819708860989
316,29.0,9.0,1.0,0.0,-0.06594098544304944,-1.2431878467546613
317,29.0,10.0,1.0,0.0,-0.42159392337733065,-0.6177862422886591
318,29.0,11.0,1.0,1.0,-1.041343490746391,-0.3500612975997185
319,30.0,1.0,1.0,,,1.230355466738186
320,30.0,2.0,1.0,1.0,1.176426560085823,0.6037067735463777
321,30.0,3.0,1.0,1.0,0.42444812825565303,1.4964708988256497
322,30.0,4.0,1.0,1.0,1.4957650785907795,1.4367106601951398
323,30.0,5.0,1.0,1.0,1.4240527922341675,1.5386401141150134
324,30.0,6.0,1.0,0.0,0.9693200570575068,1.417283386395339
325,30.0,7.0,1.0,1.0,1.4007400636744067,0.5169944518800209
326,30.0,8.0,1.0,0.0,0.45849722594001047,-0.47529482775667564
327,30.0,9.0,1.0,1.0,-0.8703537933080108,0.07560333795448682
328,30.0,10.0,1.0,0.0,0.23780166897724342,0.08748919774996178
329,30.0,11.0,1.0,1.0,-0.19501296270004576,3.464377549826879
330,31.0,1.0,1.0,,,0.008339248274690902
331,31.0,2.0,1.0,1.0,-0.2899929020703709,0.22757367707646245
332,31.0,3.0,1.0,1.0,-0.02691158750824507,1.0545157931726126
333,31.0,4.0,1.0,1.0,0.965418951807135,1.7887093448826619
334,31.0,5.0,1.0,1.0,1.8464512138591942,1.5015815026931163
335,31.0,6.0,1.0,0.0,0.9507907513465581,0.9246178420131269
336,31.0,7.0,1.0,1.0,0.8095414104157521,2.7615600402779985
337,31.0,8.0,1.0,0.0,1.5807800201389992,0.8500102807467308
338,31.0,9.0,1.0,1.0,0.7200123368960768,-0.36007084674409384
339,31.0,10.0,1.0,0.0,0.01996457662795309,1.056201294631461
340,31.0,11.0,1.0,1.0,0.9674415535577531,4.4800083757930755
341,32.0,1.0,0.0,,,-0.6967535268559774
342,32.0,2.0,0.0,1.0,-0.4967535268559773,0.5744723225260123
343,32.0,3.0,0.0,1.0,0.7744723225260124,-0.5612536417963876
344,32.0,4.0,0.0,0.0,-0.46837609253891627,-0.9141384821372863
345,32.0,5.0,0.0,0.0,-0.5742415446411859,-1.5574175635068654
346,32.0,6.0,0.0,0.0,-0.7672252690520596,-1.3815670753872216
347,32.0,7.0,0.0,0.0,-0.7144701226161665,-0.9738660581634654
348,32.0,8.0,0.0,1.0,-0.7738660581634653,-0.24264829988244363
349,32.0,9.0,0.0,1.0,-0.04264829988244362,-0.4007307582561088
350,32.0,10.0,0.0,1.0,-0.2007307582561088,0.7578068751284902
351,32.0,11.0,0.0,1.0,0.9578068751284903,0.11921654668147086
352,33.0,1.0,0.0,,,-0.9871727001195993
353,33.0,2.0,0.0,0.0,-0.5961518100358798,-1.0840818636767433
354,33.0,3.0,0.0,0.0,-0.625224559103023,-1.3002165700553725
355,33.0,4.0,0.0,0.0,-0.6900649710166118,-0.09971580485426712
356,33.0,5.0,0.0,1.0,0.10028419514573289,-0.06887897511308216
357,33.0,6.0,0.0,1.0,0.13112102488691785,-2.056882458898791
358,33.0,7.0,0.0,0.0,-0.9170647376696373,-4.1028205297015905
359,33.0,8.0,0.0,0.0,-1.5308461589104772,-2.193439664969871
360,33.0,9.0,0.0,0.0,-0.9580318994909611,-0.44609953716352313
361,33.0,10.0,0.0,0.0,-0.4338298611490569,-0.3765614207272055
362,33.0,11.0,0.0,1.0,-0.17656142072720543,-2.327475069407675
363,34.0,1.0,1.0,,,-0.14520564149871962
364,34.0,2.0,1.0,0.0,0.1273971792506402,-0.8672964160365861
365,34.0,3.0,1.0,1.0,-1.3407556992439034,0.9071630698392128
366,34.0,4.0,1.0,0.0,0.6535815349196065,-1.3575861247048862
367,34.0,5.0,1.0,0.0,-0.47879306235244307,0.9838158390642048
368,34.0,6.0,1.0,1.0,0.8805790068770456,1.889915673538708
369,34.0,7.0,1.0,0.0,1.144957836769354,2.8505194126573348
370,34.0,8.0,1.0,1.0,3.1206232951888015,1.3733514196283458
371,34.0,9.0,1.0,0.0,0.8866757098141729,-0.14535617479101415
372,34.0,10.0,1.0,0.0,0.12732191260449294,-1.3352995217815304
373,34.0,11.0,1.0,1.0,-1.9023594261378365,-1.4618497587646229
374,35.0,1.0,0.0,,,-0.971246130836819
375,35.0,2.0,0.0,1.0,-0.7712461308368189,-0.5638195611128369
376,35.0,3.0,0.0,0.0,-0.4691458683338511,-0.2327367768839379
377,35.0,4.0,0.0,1.0,-0.03273677688393789,0.8407562496009566
378,35.0,5.0,0.0,0.0,-0.04777312511971299,-1.0893629640988216
379,35.0,6.0,0.0,0.0,-0.6268088892296464,-1.466966289402996
380,35.0,7.0,0.0,1.0,-1.2669662894029958,-0.9807695224651347
381,35.0,8.0,0.0,0.0,-0.5942308567395405,-1.5436271772226635
382,35.0,9.0,0.0,0.0,-0.763088153166799,-3.2126672032696293
383,35.0,10.0,0.0,0.0,-1.2638001609808887,-1.422283294147916
384,35.0,11.0,0.0,0.0,-0.7266849882443748,-0.6027173698600315
385,36.0,1.0,0.0,,,-0.31266459891890136
386,36.0,2.0,0.0,0.0,-0.3937993796756704,-1.5623374508546277
387,36.0,3.0,0.0,1.0,-1.3623374508546275,-2.110610329481094
388,36.0,4.0,0.0,0.0,-0.9331830988443282,0.09555194710314163
389,36.0,5.0,0.0,1.0,0.2955519471031416,-0.12956885235030702
390,36.0,6.0,0.0,1.0,0.07043114764969298,-0.5257397205447084
391,36.0,7.0,0.0,0.0,-0.4577219161634125,0.548417277453165
392,36.0,8.0,0.0,0.0,-0.1354748167640505,-0.6017336321316606
393,36.0,9.0,0.0,1.0,-0.4017336321316606,-1.1306485263209676
394,36.0,10.0,0.0,0.0,-0.6391945578962903,-0.3061097997374306
395,36.0,11.0,0.0,0.0,-0.39183293992122914,-1.5378288465683636
396,37.0,1.0,1.0,,,-0.41731034863527783
397,37.0,2.0,1.0,0.0,-0.008655174317638889,0.8147569877042965
398,37.0,3.0,1.0,0.0,0.6073784938521483,-0.806057609120842
399,37.0,4.0,1.0,0.0,-0.203028804560421,-0.45271171841328556
400,37.0,5.0,1.0,1.0,-0.8432540620959428,-0.21758286522276998
401,37.0,6.0,1.0,1.0,-0.5610994382673238,-0.5633972061527311
402,37.0,7.0,1.0,0.0,-0.08169860307636556,-0.5586351603017374
403,37.0,8.0,1.0,0.0,-0.07931758015086872,0.18160047826247794
404,37.0,9.0,1.0,1.0,-0.0820794260850265,0.44678006320928276
405,37.0,10.0,1.0,1.0,0.23613607585113927,0.02292571511161759
406,37.0,11.0,1.0,0.0,0.21146285755580882,-0.17023941085352318
407,38.0,1.0,1.0,,,0.9344156978170921
408,38.0,2.0,1.0,1.0,0.8212988373805103,1.5527995984976846
409,38.0,3.0,1.0,0.0,0.9763997992488422,0.6089897743019879
410,38.0,4.0,1.0,1.0,0.4307877291623855,1.6375150336939361
411,38.0,5.0,1.0,1.0,1.6650180404327233,1.9089542729876452
412,38.0,6.0,1.0,1.0,1.990745127585174,2.148418372093694
413,38.0,7.0,1.0,0.0,1.2742091860468472,-1.2884061402987568
414,38.0,8.0,1.0,1.0,-1.8460873683585082,-1.4523839667527996
415,38.0,9.0,1.0,0.0,-0.5261919833763997,-0.9067989777026427
416,38.0,10.0,1.0,0.0,-0.25339948885132135,-1.7592664006772618
417,38.0,11.0,1.0,1.0,-2.4111196808127144,-2.9041586594598554
418,39.0,1.0,1.0,,,2.3598021771098705
419,39.0,2.0,1.0,0.0,1.3799010885549354,2.4686804849252035
420,39.0,3.0,1.0,0.0,1.4343402424626017,2.2957802241369953
421,39.0,4.0,1.0,1.0,2.4549362689643948,2.943172579722891
422,39.0,5.0,1.0,1.0,3.2318070956674694,3.9822894087285423
423,39.0,6.0,1.0,0.0,2.1911447043642713,0.3541158374247091
424,39.0,7.0,1.0,1.0,0.12493900490965104,0.36357480002692877
425,39.0,8.0,1.0,1.0,0.13628976003231452,1.4382349558729493
426,39.0,9.0,1.0,1.0,1.425881947047539,2.9541634161559616
427,39.0,10.0,1.0,1.0,3.244996099387154,2.8691091246300626
428,39.0,11.0,1.0,0.0,1.6345545623150313,1.7707360782158954
429,40.0,1.0,0.0,,,0.4420441605773356
430,40.0,2.0,0.0,0.0,-0.16738675182679932,-1.4729354110375517
431,40.0,3.0,0.0,0.0,-0.7418806233112655,-1.2221164684754884
432,40.0,4.0,0.0,0.0,-0.6666349405426465,-1.8817129214550297
433,40.0,5.0,0.0,0.0,-0.8645138764365088,-1.2260493452639574
434,40.0,6.0,0.0,1.0,-1.0260493452639574,-0.8091184534422762
435,40.0,7.0,0.0,1.0,-0.609118453442276,-2.3306291879608545
436,40.0,8.0,0.0,0.0,-0.9991887563882562,0.020699756348873333
437,40.0,9.0,0.0,1.0,0.2206997563488734,-0.5510546427070311
438,40.0,10.0,0.0,0.0,-0.46531639281210935,-0.897847082886656
439,40.0,11.0,0.0,1.0,-0.697847082886656,0.059519062738199735
440,41.0,1.0,0.0,,,-0.4918355523616149
441,41.0,2.0,0.0,0.0,-0.44755066570848445,2.032490001899707
442,41.0,3.0,0.0,0.0,0.30974700056991217,1.252933089607914
443,41.0,4.0,0.0,0.0,0.07587992688237422,-0.48474831622921055
444,41.0,5.0,0.0,1.0,-0.28474831622921054,-1.7579215093193516
445,41.0,6.0,0.0,0.0,-0.8273764527958054,0.06814161010805508
446,41.0,7.0,0.0,1.0,0.26814161010805515,-0.7044116572307522
447,41.0,8.0,0.0,0.0,-0.5113234971692256,-0.5513657133043635
448,41.0,9.0,0.0,0.0,-0.46540971399130904,1.0738497050300277
449,41.0,10.0,0.0,1.0,1.2738497050300277,0.21475464381297432
450,41.0,11.0,0.0,1.0,0.41475464381297433,-1.8069960415699553
451,42.0,1.0,0.0,,,-1.1876289640848363
452,42.0,2.0,0.0,1.0,-0.9876289640848361,-0.4692298570089607
453,42.0,3.0,0.0,0.0,-0.44076895710268815,-1.768916258475227
454,42.0,4.0,0.0,0.0,-0.8306748775425681,-0.4756090725954789
455,42.0,5.0,0.0,0.0,-0.44268272177864365,-1.7250484268067352
456,42.0,6.0,0.0,0.0,-0.8175145280420206,-0.3310588704822308
457,42.0,7.0,0.0,0.0,-0.3993176611446692,-1.4489386364619947
458,42.0,8.0,0.0,0.0,-0.7346815909385984,-0.9509918697694484
459,42.0,9.0,0.0,1.0,-0.7509918697694483,-0.7947524815748357
460,42.0,10.0,0.0,0.0,-0.5384257444724507,0.17134884850146986
461,42.0,11.0,0.0,1.0,0.3713488485014699,-0.9578256013496051
462,43.0,1.0,0.0,,,-1.0471582937508377
463,43.0,2.0,0.0,1.0,-0.8471582937508375,-0.5689989942887183
464,43.0,3.0,0.0,0.0,-0.47069969828661545,-0.8721592611919384
465,43.0,4.0,0.0,0.0,-0.5616477783575815,-0.7646150936308993
466,43.0,5.0,0.0,0.0,-0.5293845280892697,-1.6696694437873467
467,43.0,6.0,0.0,0.0,-0.800900833136204,0.8798898703619745
468,43.0,7.0,0.0,1.0,1.0798898703619746,-0.05104278474897658
469,43.0,8.0,0.0,0.0,-0.31531283542469296,-1.3583203630433107
470,43.0,9.0,0.0,0.0,-0.7074961089129932,-2.258897743275922
471,43.0,10.0,0.0,1.0,-2.0588977432759217,-4.011874271147127
472,43.0,11.0,0.0,1.0,-3.8118742711471265,-3.0649577427930694
473,44.0,1.0,1.0,,,2.3924546010277465
474,44.0,2.0,1.0,1.0,2.5709455212332957,2.362775233214533
475,44.0,3.0,1.0,1.0,2.5353302798574395,-0.1260836743941225
476,44.0,4.0,1.0,0.0,0.13695816280293877,0.8882789306516901
477,44.0,5.0,1.0,1.0,0.765934716782028,1.1973189232138552
478,44.0,6.0,1.0,0.0,0.7986594616069277,0.8232129775360011
479,44.0,7.0,1.0,1.0,0.6878555730432011,-0.6058376986019168
480,44.0,8.0,1.0,1.0,-1.0270052383223,-0.5954651617299462
481,44.0,9.0,1.0,1.0,-1.0145581940759354,1.1572413288945016
482,44.0,10.0,1.0,1.0,1.088689594673402,1.5256545111391482
483,44.0,11.0,1.0,0.0,0.962827255569574,-1.8220681529853917
484,45.0,1.0,1.0,,,0.7508077547760289
485,45.0,2.0,1.0,0.0,0.5754038773880145,-0.45019324174641295
486,45.0,3.0,1.0,1.0,-0.8402318900956955,-0.45582247430742073
487,45.0,4.0,1.0,1.0,-0.8469869691689049,0.23033813062322472
488,45.0,5.0,1.0,1.0,-0.02359424325213033,1.5422819565896608
489,45.0,6.0,1.0,1.0,1.550738347907593,2.239189006784283
490,45.0,7.0,1.0,0.0,1.3195945033921417,1.0733769078192212
491,45.0,8.0,1.0,0.0,0.7366884539096106,-1.5932566152756777
492,45.0,9.0,1.0,1.0,-2.211907938330813,-0.8649496598318811
493,45.0,10.0,1.0,0.0,-0.23247482991594054,-0.7381525536740787
494,45.0,11.0,1.0,0.0,-0.16907627683703935,-0.9447263540942763
495,46.0,1.0,1.0,,,0.06300435343064659
496,46.0,2.0,1.0,1.0,-0.2243947758832241,-0.317365194879073
497,46.0,3.0,1.0,1.0,-0.6808382338548875,-0.06301347454512057
498,46.0,4.0,1.0,0.0,0.16849326272743972,-0.050755748649540244
499,46.0,5.0,1.0,1.0,-0.36090689837944834,-0.8994014400215617
500,46.0,6.0,1.0,0.0,-0.24970072001078084,-0.034835882154936826
501,46.0,7.0,1.0,0.0,0.1825820589225316,-0.5769997742498365
502,46.0,8.0,1.0,0.0,-0.08849988712491823,0.21944669896421687
503,46.0,9.0,1.0,0.0,0.30972334948210845,-0.47904750784959726
504,46.0,10.0,1.0,1.0,-0.8748570094195167,0.13251123937354403
505,46.0,11.0,1.0,1.0,-0.14098651275174712,0.03684443575329435
506,47.0,1.0,1.0,,,0.890915484667466
507,47.0,2.0,1.0,0.0,0.645457742333733,0.20948041623314356
508,47.0,3.0,1.0,1.0,-0.04862350052022768,1.1785221074786043
509,47.0,4.0,1.0,1.0,1.114226528974325,0.6750139399583233
510,47.0,5.0,1.0,0.0,0.5375069699791617,-0.799782199375823
511,47.0,6.0,1.0,1.0,-1.2597386392509873,-1.0195555611128833
512,47.0,7.0,1.0,0.0,-0.30977778055644156,0.023731090222151696
513,47.0,8.0,1.0,1.0,-0.2715226917334179,0.16487598861803135
514,47.0,9.0,1.0,1.0,-0.10214881365836237,0.9113021421160912
515,47.0,10.0,1.0,0.0,0.6556510710580455,0.5230843258393019
516,47.0,11.0,1.0,0.0,0.461542162919651,-1.232014804052678
517,48.0,1.0,0.0,,,1.8002551364788422
518,48.0,2.0,0.0,1.0,2.0002551364788417,-0.5971422172537085
519,48.0,3.0,0.0,1.0,-0.39714221725370846,0.7120907300442811
520,48.0,4.0,0.0,1.0,0.9120907300442811,-0.7084926846844969
521,48.0,5.0,0.0,0.0,-0.512547805405349,-1.966239748512947
522,48.0,6.0,0.0,1.0,-1.7662397485129468,0.47011359500647876
523,48.0,7.0,0.0,0.0,-0.15896592149805636,-2.4982798298490896
524,48.0,8.0,0.0,0.0,-1.0494839489547267,-1.2470744758483225
525,48.0,9.0,0.0,0.0,-0.6741223427544967,-1.0346310837690313
526,48.0,10.0,0.0,1.0,-0.8346310837690312,-0.19156599407787445
527,48.0,11.0,0.0,0.0,-0.35746979822336233,-1.8128537195050685
528,49.0,1.0,0.0,,,-0.17984104751837082
529,49.0,2.0,0.0,1.0,0.020158952481629216,-0.5072448115107652
530,49.0,3.0,0.0,0.0,-0.4521734434532295,-0.966505372938413
531,49.0,4.0,0.0,1.0,-0.7665053729384129,-1.6429703675072744
532,49.0,5.0,0.0,1.0,-1.4429703675072743,-3.2708906054828595
533,49.0,6.0,0.0,0.0,-1.2812671816448578,-0.5656000366879728
534,49.0,7.0,0.0,0.0,-0.4696800110063918,-1.438190983093181
535,49.0,8.0,0.0,0.0,-0.7314572949279543,-0.686363347577797
536,49.0,9.0,0.0,0.0,-0.5059090042733391,-2.5958668623326626
537,49.0,10.0,0.0,0.0,-1.0787600586997987,-0.8602406367521501
538,49.0,11.0,0.0,1.0,-0.6602406367521501,-0.8832670472904034
539,50.0,1.0,0.0,,,0.3172031097074192
540,50.0,2.0,0.0,0.0,-0.20483906708777422,-1.6626568099058363
541,50.0,3.0,0.0,1.0,-1.4626568099058361,-0.07741082334410065
542,50.0,4.0,0.0,1.0,0.12258917665589936,0.966778106083392
543,50.0,5.0,0.0,1.0,1.166778106083392,1.109311736530178
544,50.0,6.0,0.0,0.0,0.03279352095905336,-0.9209640741681477
545,50.0,7.0,0.0,0.0,-0.5762892222504443,0.5742065249742966
546,50.0,8.0,0.0,0.0,-0.127738042507711,-1.5715614657005033
547,50.0,9.0,0.0,0.0,-0.771468439710151,-2.0638310695549107
548,50.0,10.0,0.0,0.0,-0.9191493208664732,-1.3584661371330264
549,50.0,11.0,0.0,1.0,-1.1584661371330263,-1.0378440214911389
550,51.0,1.0,0.0,,,0.0001703199558275026
551,51.0,2.0,0.0,1.0,0.2001703199558275,-0.07883213918307785
552,51.0,3.0,0.0,0.0,-0.32364964175492333,-0.25408535137063304
553,51.0,4.0,0.0,0.0,-0.3762256054111899,-0.7103115181267644
554,51.0,5.0,0.0,1.0,-0.5103115181267643,-1.0915344028274767
555,51.0,6.0,0.0,0.0,-0.627460320848243,-2.021138623069277
556,51.0,7.0,0.0,0.0,-0.9063415869207831,-2.485290622351653
557,51.0,8.0,0.0,1.0,-2.2852906223516527,-0.9256496255032567
558,51.0,9.0,0.0,0.0,-0.577694887650977,0.0668766449139998
559,51.0,10.0,0.0,1.0,0.2668766449139998,-0.5774441474834173
560,51.0,11.0,0.0,0.0,-0.4732332442450252,-0.6906202772583988
561,52.0,1.0,0.0,,,-0.6522498464935187
562,52.0,2.0,0.0,0.0,-0.4956749539480556,-0.07432826517400737
563,52.0,3.0,0.0,0.0,-0.3222984795522022,0.07148652717726287
564,52.0,4.0,0.0,1.0,0.27148652717726285,-1.663683237769548
565,52.0,5.0,0.0,0.0,-0.7991049713308644,0.668042672169916
566,52.0,6.0,0.0,1.0,0.8680426721699159,0.21553061932641387
567,52.0,7.0,0.0,0.0,-0.2353408142020758,-0.11884019077541402
568,52.0,8.0,0.0,1.0,0.08115980922458599,-0.6463095135136782
569,52.0,9.0,0.0,1.0,-0.4463095135136781,-0.8472268642969957
570,52.0,10.0,0.0,0.0,-0.5541680592890987,-0.964087980934248
571,52.0,11.0,0.0,1.0,-0.7640879809342479,-1.7579961866206963
572,53.0,1.0,0.0,,,-1.4425181980221402
573,53.0,2.0,0.0,0.0,-0.7327554594066421,-1.894344147006712
574,53.0,3.0,0.0,0.0,-0.8683032441020135,-1.7450236862272703
575,53.0,4.0,0.0,1.0,-1.5450236862272702,-1.173913454952198
576,53.0,5.0,0.0,1.0,-0.9739134549521979,-2.7112904026571005
577,53.0,6.0,0.0,0.0,-1.1133871207971302,-0.5847105269410255
578,53.0,7.0,0.0,1.0,-0.3847105269410255,0.3381508517243439
579,53.0,8.0,0.0,1.0,0.538150851724344,0.966070673523445
580,53.0,9.0,0.0,1.0,1.166070673523445,0.4220212904549322
581,53.0,10.0,0.0,0.0,-0.17339361286352034,-0.9485615237691554
582,53.0,11.0,0.0,0.0,-0.5845684571307466,-1.914616824252203
583,54.0,1.0,0.0,,,-0.6493427224128775
584,54.0,2.0,0.0,0.0,-0.4948028167238632,0.16281752327211818
585,54.0,3.0,0.0,0.0,-0.25115474301836455,0.5175548483030624
586,54.0,4.0,0.0,1.0,0.7175548483030624,-0.6332262724795132
587,54.0,5.0,0.0,0.0,-0.489967881743854,0.2675370587632717
588,54.0,6.0,0.0,0.0,-0.21973888237101846,-0.7086077203375182
589,54.0,7.0,0.0,0.0,-0.5125823161012555,-1.0518113124240318
590,54.0,8.0,0.0,1.0,-0.8518113124240316,-1.0569679883557437
591,54.0,9.0,0.0,0.0,-0.6170903965067231,-0.09124095315579683
592,54.0,10.0,0.0,1.0,0.10875904684420316,0.5763933079207634
593,54.0,11.0,0.0,0.0,-0.12708200762377098,-0.6393333629654978
594,55.0,1.0,0.0,,,-0.5088942333747781
595,55.0,2.0,0.0,1.0,-0.3088942333747781,-1.1923890524395717
596,55.0,3.0,0.0,0.0,-0.6577167157318715,-2.211442089199559
597,55.0,4.0,0.0,0.0,-0.9634326267598676,-4.396052798266217
598,55.0,5.0,0.0,1.0,-4.196052798266217,-3.5996749312970717
599,55.0,6.0,0.0,1.0,-3.3996749312970715,-2.3137629485351825
600,55.0,7.0,0.0,1.0,-2.1137629485351823,-0.8683708320484513
601,55.0,8.0,0.0,0.0,-0.5605112496145354,-0.7550494710896879
602,55.0,9.0,0.0,1.0,-0.5550494710896878,0.7150883360876628
603,55.0,10.0,0.0,1.0,0.9150883360876627,-2.2546941179259155
604,55.0,11.0,0.0,0.0,-0.9764082353777745,-1.7440809821448648
605,56.0,1.0,1.0,,,1.2866231911821977
606,56.0,2.0,1.0,1.0,1.243947829418637,2.6845864390339833
607,56.0,3.0,1.0,1.0,2.92150372684078,3.142827762427503
608,56.0,4.0,1.0,0.0,1.7714138812137517,1.9512662523675686
609,56.0,5.0,1.0,0.0,1.1756331261837842,0.4682634410094001
610,56.0,6.0,1.0,1.0,0.26191612921127994,0.6864939193765535
611,56.0,7.0,1.0,1.0,0.523792703251864,2.0906347698783856
612,56.0,8.0,1.0,1.0,2.208761723854063,1.8991306775070895
613,56.0,9.0,1.0,0.0,1.1495653387535447,0.2104688385567519
614,56.0,10.0,1.0,1.0,-0.047437393731897703,-0.7331211172647112
615,56.0,11.0,1.0,1.0,-1.1797453407176535,0.9499201167740334
616,57.0,1.0,1.0,,,1.5389834138745049
617,57.0,2.0,1.0,0.0,0.9694917069372524,1.10765805422849
618,57.0,3.0,1.0,1.0,1.0291896650741879,0.43406434267653304
619,57.0,4.0,1.0,1.0,0.22087721121183956,-0.705447309035609
620,57.0,5.0,1.0,1.0,-1.1465367708427308,-1.0533223043200248
621,57.0,6.0,1.0,0.0,-0.3266611521600124,-0.6294085478879858
622,57.0,7.0,1.0,1.0,-1.055290257465583,1.5662286716018052
623,57.0,8.0,1.0,0.0,0.9831143358009026,2.1595283286455986
624,57.0,9.0,1.0,0.0,1.2797641643227995,0.27636910579681195
625,57.0,10.0,1.0,0.0,0.338184552898406,1.6358215157441194
626,57.0,11.0,1.0,0.0,1.0179107578720596,1.8822194049957002
627,58.0,1.0,1.0,,,1.6311020813035573
628,58.0,2.0,1.0,0.0,1.0155510406517787,1.837879362308871
629,58.0,3.0,1.0,1.0,1.9054552347706448,1.452157937448342
630,58.0,4.0,1.0,1.0,1.44258952493801,2.2401907702149155
631,58.0,5.0,1.0,0.0,1.320095385107458,0.07023152561979851
632,58.0,6.0,1.0,0.0,0.23511576280989926,1.2702570905285304
633,58.0,7.0,1.0,0.0,0.8351285452642652,0.1672963438983785
634,58.0,8.0,1.0,0.0,0.2836481719491893,-2.119844609852638
635,58.0,9.0,1.0,1.0,-2.843813531823165,-2.1203852824304406
636,58.0,10.0,1.0,1.0,-2.8444623389165287,-0.6226548816903884
637,58.0,11.0,1.0,0.0,-0.11132744084519419,-0.8839405670970455
638,59.0,1.0,1.0,,,0.9855873252542587
639,59.0,2.0,1.0,0.0,0.6927936626271294,-0.6042261329025531
640,59.0,3.0,1.0,1.0,-1.0250713594830636,-1.4447845110441486
641,59.0,4.0,1.0,0.0,-0.5223922555220744,-1.7836558545525842
642,59.0,5.0,1.0,1.0,-2.4403870254631013,-2.2506700948706215
643,59.0,6.0,1.0,1.0,-3.000804113844746,0.10008180990819304
644,59.0,7.0,1.0,1.0,-0.17990182811016842,0.4677663645392146
645,59.0,8.0,1.0,1.0,0.26131963744705755,0.3413811305108187
646,59.0,9.0,1.0,0.0,0.37069056525540933,-0.5297599763003955
647,59.0,10.0,1.0,0.0,-0.06487998815019773,0.26576168437529535
648,59.0,11.0,1.0,0.0,0.3328808421876477,-1.600606116469611
649,60.0,1.0,1.0,,,1.585141164270728
650,60.0,2.0,1.0,0.0,0.9925705821353641,0.5857765953561389
651,60.0,3.0,1.0,0.0,0.49288829767806946,-0.32345961096795284
652,60.0,4.0,1.0,1.0,-0.6881515331615433,-1.2170921491675164
653,60.0,5.0,1.0,1.0,-1.7605105790010196,-0.25734076171353903
654,60.0,6.0,1.0,0.0,0.0713296191432305,-1.7288472643515616
655,60.0,7.0,1.0,1.0,-2.3746167172218735,-0.07895496046077599
656,60.0,8.0,1.0,1.0,-0.3947459525529313,0.13178203768333413
657,60.0,9.0,1.0,1.0,-0.14186155477999896,-0.30716113698287945
658,60.0,10.0,1.0,1.0,-0.6685933643794553,1.4124579431542148
659,60.0,11.0,1.0,1.0,1.3949495317850578,1.8133261176590116
660,61.0,1.0,0.0,,,-1.0543979409966528
661,61.0,2.0,0.0,1.0,-0.8543979409966528,0.22423029009260897
662,61.0,3.0,0.0,1.0,0.42423029009260893,-0.23676795844273013
663,61.0,4.0,0.0,0.0,-0.37103038753281903,-0.4530119407061673
664,61.0,5.0,0.0,0.0,-0.43590358221185016,-2.3048034206680557
665,61.0,6.0,0.0,1.0,-2.1048034206680555,-1.713522835797857
666,61.0,7.0,0.0,1.0,-1.5135228357978567,-2.3024054675691623
667,61.0,8.0,0.0,0.0,-0.9907216402707486,-2.890901828619115
668,61.0,9.0,0.0,0.0,-1.1672705485857344,-1.4931810982216382
669,61.0,10.0,0.0,0.0,-0.7479543294664914,-3.216991271339134
670,61.0,11.0,0.0,0.0,-1.26509738140174,-2.2122937538934804
671,62.0,1.0,0.0,,,0.9528681552332878
672,62.0,2.0,0.0,1.0,1.1528681552332878,-0.8416027700649349
673,62.0,3.0,0.0,1.0,-0.6416027700649348,-1.189571848111106
674,62.0,4.0,0.0,1.0,-0.9895718481111059,-2.7889796893302377
675,62.0,5.0,0.0,0.0,-1.1366939067990713,-1.6995978031889203
676,62.0,6.0,0.0,0.0,-0.809879340956676,-2.444020910307487
677,62.0,7.0,0.0,1.0,-2.2440209103074866,-1.8739597484872794
678,62.0,8.0,0.0,1.0,-1.6739597484872795,-2.431682526002547
679,62.0,9.0,0.0,0.0,-1.0295047578007641,-1.4945692741215735
680,62.0,10.0,0.0,0.0,-0.748370782236472,0.24022154770961845
681,62.0,11.0,0.0,1.0,0.44022154770961847,0.242407844173706
682,63.0,1.0,0.0,,,0.21292982041800884
683,63.0,2.0,0.0,0.0,-0.23612105387459734,-2.8946152615971936
684,63.0,3.0,0.0,1.0,-2.6946152615971934,-3.4950725720522606
685,63.0,4.0,0.0,0.0,-1.348521771615678,-2.045713717887572
686,63.0,5.0,0.0,1.0,-1.845713717887572,-1.7320584031871857
687,63.0,6.0,0.0,1.0,-1.5320584031871856,-2.901724653292201
688,63.0,7.0,0.0,0.0,-1.1705173959876602,-2.1789155927082944
689,63.0,8.0,0.0,1.0,-1.9789155927082942,-3.961580506819162
690,63.0,9.0,0.0,0.0,-1.4884741520457485,-1.1110778296429233
691,63.0,10.0,0.0,1.0,-0.9110778296429233,-2.422003063952703
692,63.0,11.0,0.0,0.0,-1.0266009191858108,-0.6843010950601751
693,64.0,1.0,1.0,,,0.4019071648972843
694,64.0,2.0,1.0,0.0,0.40095358244864215,-1.8416355990278133
695,64.0,3.0,1.0,1.0,-2.5099627188333757,0.49743137746911836
696,64.0,4.0,1.0,1.0,0.2969176529629419,1.1023224968964576
697,64.0,5.0,1.0,1.0,1.022786996275749,2.0484686829232763
698,64.0,6.0,1.0,1.0,2.1581624195079314,2.7247277328581276
699,64.0,7.0,1.0,0.0,1.5623638664290638,-1.0666772559979418
700,64.0,8.0,1.0,1.0,-1.58001270719753,-0.16295456752371718
701,64.0,9.0,1.0,0.0,0.11852271623814142,-1.372128517322735
702,64.0,10.0,1.0,0.0,-0.48606425866136754,-1.7688032287135127
703,64.0,11.0,1.0,0.0,-0.6844016143567563,-2.035010973534831
704,65.0,1.0,0.0,,,0.18851814653749704
705,65.0,2.0,0.0,0.0,-0.24344455603875087,-3.368737023368562
706,65.0,3.0,0.0,0.0,-1.3106211070105687,-1.2365264663652538
707,65.0,4.0,0.0,0.0,-0.6709579399095761,-0.5350727701449978
708,65.0,5.0,0.0,1.0,-0.3350727701449977,-0.8671446626729513
709,65.0,6.0,0.0,0.0,-0.5601433988018854,-1.914998270511079
710,65.0,7.0,0.0,1.0,-1.7149982705110791,-1.32258399148848
711,65.0,8.0,0.0,0.0,-0.6967751974465439,-2.5697443423739657
712,65.0,9.0,0.0,0.0,-1.0709233027121896,-2.067773391788057
713,65.0,10.0,0.0,0.0,-0.9203320175364171,-0.2773119025969114
714,65.0,11.0,0.0,0.0,-0.3831935707790734,0.09276817884203958
715,66.0,1.0,1.0,,,0.6244282869789443
716,66.0,2.0,1.0,0.0,0.5122141434894721,-1.901949778427354
717,66.0,3.0,1.0,1.0,-2.582339734112825,-0.013494389666119933
718,66.0,4.0,1.0,1.0,-0.31619326759934396,1.2340890247077558
719,66.0,5.0,1.0,1.0,1.1809068296493068,1.808597053228792
720,66.0,6.0,1.0,0.0,1.104298526614396,-2.349058923576653
721,66.0,7.0,1.0,0.0,-0.9745294617883263,0.4279005851196154
722,66.0,8.0,1.0,1.0,0.21348070214353831,1.2121809418160525
723,66.0,9.0,1.0,1.0,1.154617130179263,1.8292058191041296
724,66.0,10.0,1.0,1.0,1.8950469829249552,0.8076487011674186
725,66.0,11.0,1.0,1.0,0.6691784414009024,2.5383963011927455
726,67.0,1.0,1.0,,,1.831629387451427
727,67.0,2.0,1.0,0.0,1.1158146937257134,0.404175530537231
728,67.0,3.0,1.0,0.0,0.4020877652686155,0.8873146849033037
729,67.0,4.0,1.0,1.0,0.7647776218839643,1.1735704593689409
730,67.0,5.0,1.0,1.0,1.1082845512427288,1.9532679280614746
731,67.0,6.0,1.0,1.0,2.0439215136737694,2.707766995577758
732,67.0,7.0,1.0,0.0,1.553883497788879,0.8818188167789189
733,67.0,8.0,1.0,0.0,0.6409094083894595,0.07912771242814443
734,67.0,9.0,1.0,1.0,-0.20504674508622656,1.261950147526927
735,67.0,10.0,1.0,1.0,1.2143401770323123,2.0404813308081207
736,67.0,11.0,1.0,0.0,1.2202406654040603,1.306464548302849
737,68.0,1.0,1.0,,,2.219816816422199
738,68.0,2.0,1.0,0.0,1.3099084082110994,2.2884364910528214
739,68.0,3.0,1.0,1.0,2.4461237892633854,1.6658814258750438
740,68.0,4.0,1.0,1.0,1.6990577110500524,1.0003097930113458
741,68.0,5.0,1.0,0.0,0.700154896505673,0.3829040312459556
742,68.0,6.0,1.0,1.0,0.15948483749514675,2.088465055086085
743,68.0,7.0,1.0,0.0,1.2442325275430424,1.0285299184533332
744,68.0,8.0,1.0,1.0,0.9342359021439997,0.49011042197787935
745,68.0,9.0,1.0,1.0,0.2881325063734551,-1.4245289728359185
746,68.0,10.0,1.0,1.0,-2.009434767403102,0.7877062086681024
747,68.0,11.0,1.0,1.0,0.6452474504017228,1.7403110035849494
748,69.0,1.0,0.0,,,1.8855754065331614
749,69.0,2.0,0.0,1.0,2.0855754065331613,-0.19944157624659198
750,69.0,3.0,0.0,1.0,0.0005584237534080605,-2.7447677467353353
751,69.0,4.0,0.0,1.0,-2.544767746735335,-0.14856844739674235
752,69.0,5.0,0.0,0.0,-0.3445705342190227,-0.5663657709050834
753,69.0,6.0,0.0,0.0,-0.469909731271525,1.0255039853975438
754,69.0,7.0,0.0,1.0,1.2255039853975438,-0.6403529586791616
755,69.0,8.0,0.0,0.0,-0.4921058876037485,-2.5818532017329834
756,69.0,9.0,0.0,1.0,-2.381853201732983,-2.5929972232217495
757,69.0,10.0,0.0,0.0,-1.0778991669665248,-2.0681929928034504
758,69.0,11.0,0.0,0.0,-0.9204578978410352,-1.8345666437469728
759,70.0,1.0,1.0,,,-0.6964963354881377
760,70.0,2.0,1.0,1.0,-1.1357956025857654,0.26633028521092195
761,70.0,3.0,1.0,0.0,0.333165142605461,-0.8822592256262453
762,70.0,4.0,1.0,1.0,-1.3587110707514942,-0.8117887010395939
763,70.0,5.0,1.0,0.0,-0.20589435051979693,-1.4856145419647764
764,70.0,6.0,1.0,1.0,-2.0827374503577314,-1.0847849254144641
765,70.0,7.0,1.0,1.0,-1.6017419104973567,-1.10879128293793
766,70.0,8.0,1.0,0.0,-0.354395641468965,-1.3372434859207045
767,70.0,9.0,1.0,1.0,-1.9046921831048451,-0.8234151783305417
768,70.0,10.0,1.0,1.0,-1.28809821399665,-0.7478122939477482
769,70.0,11.0,1.0,0.0,-0.17390614697387408,-1.3330665451419192
770,71.0,1.0,1.0,,,-0.7441138054295895
771,71.0,2.0,1.0,0.0,-0.17205690271479473,-0.5820483928784015
772,71.0,3.0,1.0,0.0,-0.09102419643920073,0.8341316528340301
773,71.0,4.0,1.0,0.0,0.6170658264170151,2.1206548079035126
774,71.0,5.0,1.0,1.0,2.2447857694842153,1.421053411618888
775,71.0,6.0,1.0,1.0,1.4052640939426655,3.082288037308007
776,71.0,7.0,1.0,0.0,1.7411440186540035,1.5772484825394772
777,71.0,8.0,1.0,1.0,1.5926981790473727,2.072422606247052
778,71.0,9.0,1.0,1.0,2.186907127496462,0.11678390566043761
779,71.0,10.0,1.0,1.0,-0.15985931320747482,1.2654556925103215
780,71.0,11.0,1.0,1.0,1.2185468310123857,2.767251425433921
781,72.0,1.0,0.0,,,-0.8044658629464512
782,72.0,2.0,0.0,0.0,-0.5413397588839353,-1.0523442271532657
783,72.0,3.0,0.0,1.0,-0.8523442271532657,-2.2797181872769476
784,72.0,4.0,0.0,1.0,-2.0797181872769475,-2.2923840669224997
785,72.0,5.0,0.0,0.0,-0.9877152200767498,0.5390339937548505
786,72.0,6.0,0.0,1.0,0.7390339937548505,-3.051494638930573
787,72.0,7.0,0.0,1.0,-2.851494638930573,-1.1528162214684932
788,72.0,8.0,0.0,1.0,-0.9528162214684931,-1.401855304600818
789,72.0,9.0,0.0,1.0,-1.2018553046008178,-0.9522272955272469
790,72.0,10.0,0.0,0.0,-0.585668188658174,-0.1941238122365791
791,72.0,11.0,0.0,0.0,-0.3582371436709737,-0.6977156454001606
792,73.0,1.0,0.0,,,-0.13996293055216952
793,73.0,2.0,0.0,0.0,-0.34198887916565085,-1.09619142585515
794,73.0,3.0,0.0,1.0,-0.8961914258551499,-0.4320520286035139
795,73.0,4.0,0.0,0.0,-0.4296156085810542,0.1748752876211047
796,73.0,5.0,0.0,1.0,0.37487528762110467,-0.6242965705660054
797,73.0,6.0,0.0,0.0,-0.48728897116980163,-2.0682589210168874
798,73.0,7.0,0.0,1.0,-1.8682589210168872,0.48171387533947474
799,73.0,8.0,0.0,0.0,-0.15548583739815758,-0.13741342564600834
800,73.0,9.0,0.0,0.0,-0.3412240276938025,0.2766448411296075
801,73.0,10.0,0.0,0.0,-0.21700654766111774,-0.5029458104506106
802,73.0,11.0,0.0,0.0,-0.4508837431351832,-1.092264361724177
803,74.0,1.0,0.0,,,0.5761689211162249
804,74.0,2.0,0.0,0.0,-0.12714932366513254,-0.9589465600847458
805,74.0,3.0,0.0,1.0,-0.7589465600847458,-1.7918802531711966
806,74.0,4.0,0.0,0.0,-0.837564075951359,-0.18841051168410627
807,74.0,5.0,0.0,1.0,0.011589488315893792,-1.504705930509008
808,74.0,6.0,0.0,0.0,-0.7514117791527024,-0.6819718146934559
809,74.0,7.0,0.0,1.0,-0.48197181469345585,-0.2145093502782931
810,74.0,8.0,0.0,0.0,-0.3643528050834879,-1.7312321385781466
811,74.0,9.0,0.0,1.0,-1.5312321385781464,-3.508715481591995
812,74.0,10.0,0.0,1.0,-3.308715481591995,-4.0357257459869
813,74.0,11.0,0.0,0.0,-1.51071772379607,-1.7760701686941613
814,75.0,1.0,1.0,,,1.015634947241605
815,75.0,2.0,1.0,1.0,0.9187619366899261,1.7736720577703013
816,75.0,3.0,1.0,0.0,1.0868360288851506,1.1799452737391343
817,75.0,4.0,1.0,0.0,0.7899726368695671,-0.5555616105073273
818,75.0,5.0,1.0,1.0,-0.9666739326087925,1.4354306126650846
819,75.0,6.0,1.0,0.0,0.9177153063325423,1.0892495744198272
820,75.0,7.0,1.0,0.0,0.7446247872099137,-0.5167390153515405
821,75.0,8.0,1.0,1.0,-0.9200868184218487,1.6926023092842457
822,75.0,9.0,1.0,1.0,1.7311227711410948,0.2891530794547724
823,75.0,10.0,1.0,1.0,0.046983695345726995,2.341526486553879
824,75.0,11.0,1.0,1.0,2.509831783864654,3.1259826545499525
825,76.0,1.0,1.0,,,-1.322201215824003
826,76.0,2.0,1.0,0.0,-0.4611006079120015,-1.9370832793533166
827,76.0,3.0,1.0,0.0,-0.7685416396766582,-2.892461492301852
828,76.0,4.0,1.0,1.0,-3.7709537907622224,-1.458684686835252
829,76.0,5.0,1.0,0.0,-0.5293423434176261,-0.9861849539323946
830,76.0,6.0,1.0,0.0,-0.2930924769661973,0.7273254357656229
831,76.0,7.0,1.0,1.0,0.5727905229187474,-0.34515528009912866
832,76.0,8.0,1.0,0.0,0.027422359950435682,-0.5105310564140925
833,76.0,9.0,1.0,0.0,-0.05526552820704622,0.5969165985333666
834,76.0,10.0,1.0,0.0,0.49845829926668334,0.8209532300545636
835,76.0,11.0,1.0,1.0,0.6851438760654761,0.9411113178345614
836,77.0,1.0,1.0,,,0.39379598737162813
837,77.0,2.0,1.0,1.0,0.17255518484595367,1.8251639672320268
838,77.0,3.0,1.0,0.0,1.1125819836160136,1.9796571496159776
839,77.0,4.0,1.0,1.0,2.075588579539173,2.839117748883637
840,77.0,5.0,1.0,1.0,3.1069412986603644,2.124803172322916
841,77.0,6.0,1.0,0.0,1.2624015861614581,1.9190910757935202
842,77.0,7.0,1.0,0.0,1.15954553789676,2.1663761236642083
843,77.0,8.0,1.0,1.0,2.2996513483970498,1.3879054698671247
844,77.0,9.0,1.0,0.0,0.8939527349335623,1.7292919630525976
845,77.0,10.0,1.0,0.0,1.064645981526299,-1.5922189262445308
846,77.0,11.0,1.0,1.0,-2.2106627114934367,-1.2722030420811041
847,78.0,1.0,1.0,,,1.527974642607246
848,78.0,2.0,1.0,1.0,1.5335695711286952,2.64239764733356
849,78.0,3.0,1.0,1.0,2.8708771768002714,2.574249417776366
850,78.0,4.0,1.0,0.0,1.487124708888183,1.8881068304114268
851,78.0,5.0,1.0,1.0,1.965728196493712,0.5614939158070965
852,78.0,6.0,1.0,0.0,0.48074695790354827,0.0991769382518485
853,78.0,7.0,1.0,0.0,0.24958846912592428,0.26630346066459826
854,78.0,8.0,1.0,0.0,0.33315173033229917,1.3433109617237602
855,78.0,9.0,1.0,1.0,1.3119731540685122,0.30187313191385323
856,78.0,10.0,1.0,1.0,0.06224775829662377,-0.15828898755978732
857,78.0,11.0,1.0,1.0,-0.4899467850717447,0.0686252041407091
858,79.0,1.0,0.0,,,-0.06990526463561658
859,79.0,2.0,0.0,1.0,0.13009473536438346,-0.9300099731937095
860,79.0,3.0,0.0,1.0,-0.7300099731937095,-0.2791791876309475
861,79.0,4.0,0.0,1.0,-0.0791791876309475,-1.0385270440993697
862,79.0,5.0,0.0,1.0,-0.8385270440993696,-0.43977165599747325
863,79.0,6.0,0.0,1.0,-0.23977165599747324,0.6093620354026976
864,79.0,7.0,0.0,0.0,-0.11719138937919071,-1.388590836361878
865,79.0,8.0,0.0,0.0,-0.7165772509085634,0.17984831069058904
866,79.0,9.0,0.0,1.0,0.37984831069058905,-1.5976965573587674
867,79.0,10.0,0.0,0.0,-0.7793089672076301,-2.2795735725438284
868,79.0,11.0,0.0,1.0,-2.0795735725438282,-2.0022839872952796
869,80.0,1.0,0.0,,,0.46201118031202476
870,80.0,2.0,0.0,0.0,-0.16139664590639258,-0.0022043397054135605
871,80.0,3.0,0.0,0.0,-0.30066130191162405,-0.710579218557987
872,80.0,4.0,0.0,0.0,-0.513173765567396,-0.7401557983054525
873,80.0,5.0,0.0,0.0,-0.5220467394916357,-2.1343320668719823
874,80.0,6.0,0.0,0.0,-0.9402996200615947,-0.6403837732427509
875,80.0,7.0,0.0,1.0,-0.4403837732427508,-2.076364023027184
876,80.0,8.0,0.0,0.0,-0.9229092069081553,-1.4054421216948694
877,80.0,9.0,0.0,0.0,-0.7216326365084608,-0.5216696176032931
878,80.0,10.0,0.0,1.0,-0.3216696176032931,-1.7385324273648337
879,80.0,11.0,0.0,0.0,-0.82155972820945,-1.7341778375411847
880,81.0,1.0,0.0,,,-0.5223281426103592
881,81.0,2.0,0.0,1.0,-0.32232814261035914,-1.6625084975623565
882,81.0,3.0,0.0,0.0,-0.7987525492687069,-0.4344379042135282
883,81.0,4.0,0.0,0.0,-0.4303313712640584,-1.3815772618382633
884,81.0,5.0,0.0,1.0,-1.1815772618382634,-1.9298212109391688
885,81.0,6.0,0.0,1.0,-1.7298212109391689,0.05217812758673879
886,81.0,7.0,0.0,1.0,0.25217812758673874,-1.4816333029016944
887,81.0,8.0,0.0,0.0,-0.7444899908705083,-1.6806287772468527
888,81.0,9.0,0.0,0.0,-0.8041886331740558,-1.4791494871429243
889,81.0,10.0,0.0,0.0,-0.7437448461428773,-0.9397775112980644
890,81.0,11.0,0.0,1.0,-0.7397775112980645,-1.0816064449837437
891,82.0,1.0,0.0,,,-0.5007580689299974
892,82.0,2.0,0.0,0.0,-0.45022742067899924,-1.5373746376613378
893,82.0,3.0,0.0,1.0,-1.3373746376613376,-1.570619358094269
894,82.0,4.0,0.0,1.0,-1.370619358094269,-2.657123058268257
895,82.0,5.0,0.0,1.0,-2.4571230582682566,-1.3844615411911934
896,82.0,6.0,0.0,0.0,-0.715338462357358,-1.9811693009614526
897,82.0,7.0,0.0,0.0,-0.8943507902884358,-0.06280895089302763
898,82.0,8.0,0.0,1.0,0.13719104910697238,0.17867016348912135
899,82.0,9.0,0.0,1.0,0.3786701634891214,-1.1319813490294632
900,82.0,10.0,0.0,0.0,-0.6395944047088389,-1.8416284105773486
901,82.0,11.0,0.0,0.0,-0.8524885231732044,-1.7599243089920238
902,83.0,1.0,1.0,,,0.8865613909882842
903,83.0,2.0,1.0,0.0,0.6432806954941421,0.49954454576422547
904,83.0,3.0,1.0,0.0,0.44977227288211274,0.893128816395975
905,83.0,4.0,1.0,0.0,0.6465644081979876,1.330576645138228
906,83.0,5.0,1.0,0.0,0.8652883225691139,0.7489218968272345
907,83.0,6.0,1.0,1.0,0.5987062761926815,1.399391193781976
908,83.0,7.0,1.0,1.0,1.3792694325383712,1.5971535830027324
909,83.0,8.0,1.0,0.0,0.9985767915013661,-0.19556017666202752
910,83.0,9.0,1.0,1.0,-0.5346722119944329,1.9376892383038198
911,83.0,10.0,1.0,1.0,2.025227085964584,3.2750984049710077
912,83.0,11.0,1.0,1.0,3.6301180859652087,2.665150881354634
913,84.0,1.0,0.0,,,0.11005164720825633
914,84.0,2.0,0.0,1.0,0.3100516472082564,-0.8351952014807335
915,84.0,3.0,0.0,0.0,-0.55055856044422,-2.5766117245201903
916,84.0,4.0,0.0,1.0,-2.37661172452019,-2.547987284178652
917,84.0,5.0,0.0,1.0,-2.347987284178652,-2.0604205159311344
918,84.0,6.0,0.0,0.0,-0.9181261547793402,-1.7416797770865522
919,84.0,7.0,0.0,0.0,-0.8225039331259656,-2.648805932541711
920,84.0,8.0,0.0,0.0,-1.0946417797625132,-0.4945696447155403
921,84.0,9.0,0.0,0.0,-0.4483708934146621,-0.7011148904821383
922,84.0,10.0,0.0,0.0,-0.5103344671446415,0.06851494756950016
923,84.0,11.0,0.0,1.0,0.2685149475695002,1.320796671511897
924,85.0,1.0,1.0,,,0.8982997201267697
925,85.0,2.0,1.0,1.0,0.7779596641521235,0.769901743429793
926,85.0,3.0,1.0,1.0,0.6238820921157514,0.03521070229832779
927,85.0,4.0,1.0,0.0,0.2176053511491639,1.297363542755381
928,85.0,5.0,1.0,1.0,1.256836251306457,1.3239030526427764
929,85.0,6.0,1.0,0.0,0.8619515263213882,1.3678648336599784
930,85.0,7.0,1.0,0.0,0.8839324168299891,1.4565114065617142
931,85.0,8.0,1.0,0.0,0.9282557032808572,-0.758924816679932
932,85.0,9.0,1.0,1.0,-1.2107097800159183,-1.926588695548414
933,85.0,10.0,1.0,0.0,-0.7632943477742069,-0.9890436656708197
934,85.0,11.0,1.0,1.0,-1.4868523988049835,-0.28397444855080645
935,86.0,1.0,0.0,,,-0.18099135419254117
936,86.0,2.0,0.0,1.0,0.01900864580745884,-1.4629437158828669
937,86.0,3.0,0.0,0.0,-0.73888311476486,-0.4671147386950378
938,86.0,4.0,0.0,1.0,-0.2671147386950377,-0.33110646810790895
939,86.0,5.0,0.0,0.0,-0.3993319404323727,0.17970606051274007
940,86.0,6.0,0.0,1.0,0.37970606051274014,-0.8296991368377955
941,86.0,7.0,0.0,0.0,-0.5489097410513386,-0.7558372312358588
942,86.0,8.0,0.0,0.0,-0.5267511693707576,-1.1345607191505462
943,86.0,9.0,0.0,0.0,-0.6403682157451638,-0.8735982381073164
944,86.0,10.0,0.0,0.0,-0.5620794714321948,-2.1279466211274745
945,86.0,11.0,0.0,1.0,-1.9279466211274745,-0.05598712964493435
946,87.0,1.0,0.0,,,-0.9706622862890306
947,87.0,2.0,0.0,1.0,-0.7706622862890304,-1.7428258649305586
948,87.0,3.0,0.0,0.0,-0.8228477594791674,-1.2877434291956085
949,87.0,4.0,0.0,0.0,-0.6863230287586826,-2.050195359352006
950,87.0,5.0,0.0,0.0,-0.9150586078056018,0.9202350759312776
951,87.0,6.0,0.0,1.0,1.1202350759312776,-0.4917346592844445
952,87.0,7.0,0.0,0.0,-0.44752039778533337,-1.2894791026512271
953,87.0,8.0,0.0,0.0,-0.6868437307953681,-1.146140313337028
954,87.0,9.0,0.0,0.0,-0.6438420940011084,-2.5344857226774056
955,87.0,10.0,0.0,1.0,-2.3344857226774054,-1.9678558664136643
956,87.0,11.0,0.0,1.0,-1.7678558664136643,-2.6886925411471383
957,88.0,1.0,0.0,,,0.07756378632091943
958,88.0,2.0,0.0,0.0,-0.27673086410372416,0.05468150146067177
959,88.0,3.0,0.0,1.0,0.25468150146067176,-0.9014134204898766
960,88.0,4.0,0.0,1.0,-0.7014134204898765,-1.3119050297861756
961,88.0,5.0,0.0,0.0,-0.6935715089358527,-1.7111418351096206
962,88.0,6.0,0.0,0.0,-0.8133425505328862,-2.568718014798712
963,88.0,7.0,0.0,1.0,-2.368718014798712,-1.3766437589270666
964,88.0,8.0,0.0,0.0,-0.71299312767812,0.032770709355135264
965,88.0,9.0,0.0,0.0,-0.2901687871934594,-0.15138927841294583
966,88.0,10.0,0.0,0.0,-0.3454167835238837,-0.5235181299324253
967,88.0,11.0,0.0,0.0,-0.45705543897972756,-0.24988689170539047
968,89.0,1.0,0.0,,,-0.17817872900856307
969,89.0,2.0,0.0,1.0,0.021821270991436936,-2.7324127701726346
970,89.0,3.0,0.0,1.0,-2.5324127701726344,-2.245818679737675
971,89.0,4.0,0.0,0.0,-0.9737456039213024,-1.6355486513427087
972,89.0,5.0,0.0,1.0,-1.4355486513427087,-0.9488702351686382
973,89.0,6.0,0.0,0.0,-0.5846610705505915,-0.7815699131973285
974,89.0,7.0,0.0,1.0,-0.5815699131973284,-1.918468913871667
975,89.0,8.0,0.0,1.0,-1.7184689138716671,-3.48845409068573
976,89.0,9.0,0.0,1.0,-3.28845409068573,-1.4622333876237057
977,89.0,10.0,0.0,1.0,-1.2622333876237057,-0.2686593068548546
978,89.0,11.0,0.0,1.0,-0.06865930685485461,-0.8230116463024549
979,90.0,1.0,0.0,,,0.8294839079119196
980,90.0,2.0,0.0,0.0,-0.05115482762642412,-0.38160885404828304
981,90.0,3.0,0.0,0.0,-0.4144826562144849,-0.47459666146449114
982,90.0,4.0,0.0,0.0,-0.44237899843934736,-1.8658069819448593
983,90.0,5.0,0.0,0.0,-0.8597420945834577,0.6556389089651457
984,90.0,6.0,0.0,0.0,-0.1033083273104563,0.34661715588783715
985,90.0,7.0,0.0,0.0,-0.19601485323364887,0.1332280286195262
986,90.0,8.0,0.0,0.0,-0.2600315914141421,-0.638917672308218
987,90.0,9.0,0.0,0.0,-0.4916753016924654,-0.589221536372603
988,90.0,10.0,0.0,0.0,-0.4767664609117809,-1.4821384096191965
989,90.0,11.0,0.0,1.0,-1.2821384096191966,0.24994081350866493
990,91.0,1.0,0.0,,,0.898917879901507
991,91.0,2.0,0.0,0.0,-0.030324636029547936,-0.9566533758326854
992,91.0,3.0,0.0,0.0,-0.5869960127498056,-1.6846744294089562
993,91.0,4.0,0.0,0.0,-0.8054023288226868,-0.7355052959884611
994,91.0,5.0,0.0,0.0,-0.5206515887965384,0.03195599575303748
995,91.0,6.0,0.0,1.0,0.23195599575303752,0.32417360878678103
996,91.0,7.0,0.0,0.0,-0.2027479173639657,-2.2600261798970105
997,91.0,8.0,0.0,1.0,-2.0600261798970103,-1.9507235567245185
998,91.0,9.0,0.0,1.0,-1.7507235567245185,-0.7475419254226773
999,91.0,10.0,0.0,1.0,-0.5475419254226772,-0.9940490009610623
1000,91.0,11.0,0.0,1.0,-0.7940490009610622,-1.6622108476080903
1001,92.0,1.0,0.0,,,-0.11484358251605614
1002,92.0,2.0,0.0,0.0,-0.33445307475481684,-0.19515521650356232
1003,92.0,3.0,0.0,0.0,-0.3585465649510687,-0.4287234465554565
1004,92.0,4.0,0.0,1.0,-0.22872344655545646,-1.3929757971389127
1005,92.0,5.0,0.0,1.0,-1.1929757971389126,-2.0833195243478455
1006,92.0,6.0,0.0,0.0,-0.9249958573043535,-4.332695890078868
1007,92.0,7.0,0.0,1.0,-4.1326958900788675,-3.76979067139893
1008,92.0,8.0,0.0,0.0,-1.430937201419679,-1.6510498471216977
1009,92.0,9.0,0.0,0.0,-0.7953149541365092,0.7340694878313693
1010,92.0,10.0,0.0,1.0,0.9340694878313691,-1.3297050273897593
1011,92.0,11.0,0.0,1.0,-1.129705027389759,0.42747047565797014
1012,93.0,1.0,0.0,,,-0.6752849500901141
1013,93.0,2.0,0.0,0.0,-0.5025854850270343,-0.5199833763786572
1014,93.0,3.0,0.0,0.0,-0.4559950129135971,-1.9197885243444106
1015,93.0,4.0,0.0,0.0,-0.8759365573033231,0.34773380876191506
1016,93.0,5.0,0.0,1.0,0.547733808761915,-0.9568137226929916
1017,93.0,6.0,0.0,1.0,-0.7568137226929915,-2.7980525551671516
1018,93.0,7.0,0.0,0.0,-1.1394157665501454,-2.836493552039302
1019,93.0,8.0,0.0,1.0,-2.636493552039302,-3.002352321821446
1020,93.0,9.0,0.0,0.0,-1.2007056965464338,-0.7737904983288073
1021,93.0,10.0,0.0,0.0,-0.5321371494986422,-1.5157404727410717
1022,93.0,11.0,0.0,1.0,-1.3157404727410718,-2.0465163348688913
1023,94.0,1.0,0.0,,,-0.9387304074542224
1024,94.0,2.0,0.0,0.0,-0.5816191222362668,-3.8702805491437675
1025,94.0,3.0,0.0,0.0,-1.4610841647431303,-2.081308152848719
1026,94.0,4.0,0.0,0.0,-0.9243924458546156,-0.45537038955131426
1027,94.0,5.0,0.0,0.0,-0.4366111168653942,-1.589042620410501
1028,94.0,6.0,0.0,0.0,-0.7767127861231502,0.7873320014644912
1029,94.0,7.0,0.0,1.0,0.9873320014644913,-0.7228930591416557
1030,94.0,8.0,0.0,1.0,-0.5228930591416556,-2.3633413600614337
1031,94.0,9.0,0.0,0.0,-1.00900240801843,-1.7446282128510417
1032,94.0,10.0,0.0,0.0,-0.8233884638553124,-0.08058747621979767
1033,94.0,11.0,0.0,0.0,-0.32417624286593927,-0.9084900470310975
1034,95.0,1.0,0.0,,,0.12349435406411291
1035,95.0,2.0,0.0,1.0,0.32349435406411287,-0.053606212490517446
1036,95.0,3.0,0.0,1.0,0.14639378750948254,0.2581485654739524
1037,95.0,4.0,0.0,1.0,0.4581485654739524,-1.4511147818046035
1038,95.0,5.0,0.0,1.0,-1.2511147818046033,-2.339000800557075
1039,95.0,6.0,0.0,0.0,-1.0017002401671224,-1.5554265092226411
1040,95.0,7.0,0.0,0.0,-0.7666279527667923,-1.9685363352476872
1041,95.0,8.0,0.0,1.0,-1.768536335247687,-2.1474052293745154
1042,95.0,9.0,0.0,1.0,-1.9474052293745152,-2.867006523456258
1043,95.0,10.0,0.0,1.0,-2.6670065234562577,-0.5372997824191144
1044,95.0,11.0,0.0,1.0,-0.3372997824191143,-2.124735824415056
1045,96.0,1.0,1.0,,,0.7773400683485594
1046,96.0,2.0,1.0,0.0,0.5886700341742797,0.6129442776227007
1047,96.0,3.0,1.0,0.0,0.5064721388113503,1.2777245666572412
1048,96.0,4.0,1.0,0.0,0.8388622833286206,0.5198617617813042
1049,96.0,5.0,1.0,0.0,0.4599308808906521,-0.4639742717780102
1050,96.0,6.0,1.0,1.0,-0.8567691261336123,-0.020120646566883282
1051,96.0,7.0,1.0,0.0,0.18993967671655837,-0.47270624205086625
1052,96.0,8.0,1.0,1.0,-0.8672474904610394,-0.1198287783109554
1053,96.0,9.0,1.0,1.0,-0.4437945339731464,0.6285877120450061
1054,96.0,10.0,1.0,0.0,0.5142938560225031,-0.13068026438176442
1055,96.0,11.0,1.0,1.0,-0.4568163172581172,0.3609046368733352
1056,97.0,1.0,0.0,,,-0.6438536755710755
1057,97.0,2.0,0.0,0.0,-0.49315610267132265,-1.0069078984876627
1058,97.0,3.0,0.0,0.0,-0.6020723695462988,-2.1985359399528948
1059,97.0,4.0,0.0,1.0,-1.9985359399528948,-2.0260281621460314
1060,97.0,5.0,0.0,1.0,-1.8260281621460313,-1.4511386021326755
1061,97.0,6.0,0.0,1.0,-1.2511386021326756,-0.26023385992713033
1062,97.0,7.0,0.0,1.0,-0.06023385992713032,-0.8253490981872527
1063,97.0,8.0,0.0,0.0,-0.5476047294561758,0.4101136586713735
1064,97.0,9.0,0.0,0.0,-0.17696590239858795,-1.8530154385364799
1065,97.0,10.0,0.0,0.0,-0.855904631560944,-1.5347420305956647
1066,97.0,11.0,0.0,0.0,-0.7604226091786994,-1.413771509757371
1067,98.0,1.0,1.0,,,0.7435968568342469
1068,98.0,2.0,1.0,1.0,0.5923162282010963,0.6262036691895063
1069,98.0,3.0,1.0,1.0,0.4514444030274076,1.8395976825799822
1070,98.0,4.0,1.0,1.0,1.9075172190959784,0.40717029225278933
1071,98.0,5.0,1.0,0.0,0.4035851461263946,-0.48344385902840925
1072,98.0,6.0,1.0,0.0,-0.041721929514204614,-0.14507663454730002
1073,98.0,7.0,1.0,1.0,-0.4740919614567599,0.9381912322709212
1074,98.0,8.0,1.0,0.0,0.6690956161354606,0.4804772596669112
1075,98.0,9.0,1.0,0.0,0.44023862983345563,-1.2985066432570203
1076,98.0,10.0,1.0,1.0,-1.8582079719084246,-1.2994674801068427
1077,98.0,11.0,1.0,0.0,-0.4497337400534213,-1.8591195627701176
1078,99.0,1.0,0.0,,,-0.9200008439481293
1079,99.0,2.0,0.0,1.0,-0.7200008439481291,-0.30671920001844233
1080,99.0,3.0,0.0,0.0,-0.3920157600055327,-2.0005261620385912
1081,99.0,4.0,0.0,1.0,-1.800526162038591,-0.7690074022511766
1082,99.0,5.0,0.0,1.0,-0.5690074022511764,-0.20830383847523026
1083,99.0,6.0,0.0,0.0,-0.36249115154256906,-1.5742509100846156
1084,99.0,7.0,0.0,1.0,-1.3742509100846154,-1.340593382277234
1085,99.0,8.0,0.0,0.0,-0.7021780146831702,-1.172394931126211
1086,99.0,9.0,0.0,0.0,-0.6517184793378632,-1.5963284911662887
1087,99.0,10.0,0.0,0.0,-0.7788985473498866,-2.748863677607924
1088,99.0,11.0,0.0,1.0,-2.548863677607924,-3.920428390948598
1089,100.0,1.0,0.0,,,0.39803203407221893
1090,100.0,2.0,0.0,0.0,-0.1805903897783343,-1.2334229028965884
1091,100.0,3.0,0.0,1.0,-1.0334229028965884,-0.5836882197292158
1092,100.0,4.0,0.0,0.0,-0.4751064659187647,-0.06692882873451378
1093,100.0,5.0,0.0,1.0,0.13307117126548623,-0.6102089507944639
1094,100.0,6.0,0.0,0.0,-0.4830626852383392,-1.2318887386858113
1095,100.0,7.0,0.0,1.0,-1.0318887386858113,-1.0640846660894023
1096,100.0,8.0,0.0,1.0,-0.8640846660894023,-0.5336960404303089
1097,100.0,9.0,0.0,0.0,-0.46010881212909266,-2.785057333217732
1098,100.0,10.0,0.0,1.0,-2.585057333217732,-1.7197681842205774
1099,100.0,11.0,0.0,1.0,-1.5197681842205775,-0.6634771497611212
